{
    "accuracy": 0.9154360998686749,
    "loss": 0.41783161402338803
}