{
    "f1": 0.16244167178305952,
    "loss": 0.4662031997596064
}