{
    "f1": 0.36423838234860584,
    "loss": 0.3098463132496803
}