{
    "f1": 0.20386837237487102,
    "loss": 0.45485061190782056
}