{
    "f1": 0.3198522127325211,
    "loss": 0.31376992286212985
}